first_name,last_name,position,full_name
Aaron,Cresswell,2,Aaron_Cresswell
Aaron,Lennon,3,Aaron_Lennon
Aaron,Ramsey,3,Aaron_Ramsey
Abdoulaye,Doucouré,3,Abdoulaye_Doucouré
Abel,Hernández,4,Abel_Hernández
Adama,Diomande,4,Adama_Diomande
Adam,Clayton,3,Adam_Clayton
Adam,Federici,1,Adam_Federici
Adam,Forshaw,3,Adam_Forshaw
Adam,Lallana,3,Adam_Lallana
Adam,Smith,2,Adam_Smith
Adlène,Guédioura,3,Adlène_Guédioura
Adnan,Januzaj,3,Adnan_Januzaj
Adrián,San Miguel del Castillo,1,Adrián_San Miguel del Castillo
Ahmed,Elmohamady,3,Ahmed_Elmohamady
Ahmed,Musa,4,Ahmed_Musa
Alberto,Moreno,2,Alberto_Moreno
Aleksandar,Kolarov,2,Aleksandar_Kolarov
Alexis,Sánchez,3,Alexis_Sánchez
Alex,Iwobi,3,Alex_Iwobi
Alex,Oxlade-Chamberlain,3,Alex_Oxlade-Chamberlain
Allan-Roméo,Nyom,2,Allan-Roméo_Nyom
Ander,Herrera,3,Ander_Herrera
Andrew,Robertson,2,Andrew_Robertson
Andrew,Surman,3,Andrew_Surman
Andre,Gray,4,Andre_Gray
Andros,Townsend,3,Andros_Townsend
André,Ayew,3,André_Ayew
Andy,Carroll,4,Andy_Carroll
Andy,King,3,Andy_King
Angelo,Ogbonna,2,Angelo_Ogbonna
Angel,Rangel,2,Angel_Rangel
Anthony,Martial,3,Anthony_Martial
Antonio,Barragán,2,Antonio_Barragán
Antonio,Valencia,2,Antonio_Valencia
Arouna,Koné,4,Arouna_Koné
Arthur,Masuaku,2,Arthur_Masuaku
Artur,Boruc,1,Artur_Boruc
Ashley,Barnes,4,Ashley_Barnes
Ashley,Williams,2,Ashley_Williams
Ashley,Young,3,Ashley_Young
Asmir,Begovic,1,Asmir_Begovic
Bacary,Sagna,2,Bacary_Sagna
Bakary,Sako,3,Bakary_Sako
Bamidele,Alli,3,Bamidele_Alli
Benik,Afobe,4,Benik_Afobe
Benjamin,Chilwell,2,Benjamin_Chilwell
Ben,Davies,2,Ben_Davies
Ben,Foster,1,Ben_Foster
Ben,Gibson,2,Ben_Gibson
Ben,Mee,2,Ben_Mee
Ben,Watson,3,Ben_Watson
Bernardo,Espinosa Zúñiga,2,Bernardo_Espinosa Zúñiga
Billy,Jones,2,Billy_Jones
Bojan,Krkic,3,Bojan_Krkic
Borja,Bastón,4,Borja_Bastón
Bradley,Guzan,1,Bradley_Guzan
Bradley,Smith,2,Bradley_Smith
Branislav,Ivanovic,2,Branislav_Ivanovic
Brendan,Galloway,2,Brendan_Galloway
Bryan,Oviedo,3,Bryan_Oviedo
Callum,Wilson,4,Callum_Wilson
Calum,Chambers,2,Calum_Chambers
Carl,Jenkinson,2,Carl_Jenkinson
Cesc,Fàbregas,3,Cesc_Fàbregas
Charlie,Adam,3,Charlie_Adam
Charlie,Austin,4,Charlie_Austin
Charlie,Daniels,2,Charlie_Daniels
Cheikhou,Kouyaté,3,Cheikhou_Kouyaté
Christian,Benteke,4,Christian_Benteke
Christian,Eriksen,3,Christian_Eriksen
Christian,Fuchs,2,Christian_Fuchs
Christian,Kabasele,2,Christian_Kabasele
Chris,Brunt,2,Chris_Brunt
Chris,Smalling,2,Chris_Smalling
Chung-yong,Lee,3,Chung-yong_Lee
Claudio,Yacob,3,Claudio_Yacob
Connor,Wickham,4,Connor_Wickham
Costel,Pantilimon,1,Costel_Pantilimon
Craig,Cathcart,2,Craig_Cathcart
Craig,Dawson,2,Craig_Dawson
Craig,Gardner,3,Craig_Gardner
Cristhian,Stuani,4,Cristhian_Stuani
Cuco,Martina,2,Cuco_Martina
Curtis,Davies,2,Curtis_Davies
Cédric,Soares,2,Cédric_Soares
César,Azpilicueta,2,César_Azpilicueta
Daley,Blind,2,Daley_Blind
Damien,Delaney,2,Damien_Delaney
Daniel,Amartey,3,Daniel_Amartey
Daniel,Ayala,2,Daniel_Ayala
Daniel,Drinkwater,3,Daniel_Drinkwater
Daniel,Sturridge,4,Daniel_Sturridge
Danny,Rose,2,Danny_Rose
Danny,Simpson,2,Danny_Simpson
Danny,Welbeck,4,Danny_Welbeck
Dan,Gosling,3,Dan_Gosling
Darren,Fletcher,3,Darren_Fletcher
Darren,Randolph,1,Darren_Randolph
Darron,Gibson,3,Darron_Gibson
David,de Gea,1,David_de Gea
David,Meyler,3,David_Meyler
David,Nugent,4,David_Nugent
David,Ospina,1,David_Ospina
David,Silva,3,David_Silva
Dean,Marney,3,Dean_Marney
Dejan,Lovren,2,Dejan_Lovren
Demarai,Gray,3,Demarai_Gray
Diafra,Sakho,4,Diafra_Sakho
Diego,Da Silva Costa,4,Diego_Da Silva Costa
Dimitri,Payet,3,Dimitri_Payet
Divock,Origi,4,Divock_Origi
Donald,Love,2,Donald_Love
Duncan,Watmore,3,Duncan_Watmore
Dusan,Tadic,3,Dusan_Tadic
Eden,Hazard,3,Eden_Hazard
Eldin,Jakupovic,1,Eldin_Jakupovic
Emilio,Nsue Lopez,2,Emilio_Nsue Lopez
Emre,Can,3,Emre_Can
Enner,Valencia,4,Enner_Valencia
Eric,Bailly,2,Eric_Bailly
Eric,Dier,3,Eric_Dier
Erik,Lamela,3,Erik_Lamela
Erik,Pieters,2,Erik_Pieters
Etienne,Capoue,3,Etienne_Capoue
Fabian,Delph,3,Fabian_Delph
Fabio,Borini,4,Fabio_Borini
Federico,Fernández,2,Federico_Fernández
Fernando Francisco,Reges,3,Fernando Francisco_Reges
Fernando,Llorente,4,Fernando_Llorente
Fernando,Luiz Rosa,3,Fernando_Luiz Rosa
Fraizer,Campbell,4,Fraizer_Campbell
Francis,Coquelin,3,Francis_Coquelin
Fraser,Forster,1,Fraser_Forster
Gabriel Armando,de Abreu,2,Gabriel Armando_de Abreu
Gareth,Barry,3,Gareth_Barry
Gareth,McAuley,2,Gareth_McAuley
Gary,Cahill,2,Gary_Cahill
Gastón,Ramírez,3,Gastón_Ramírez
Gaël,Clichy,2,Gaël_Clichy
Geoff,Cameron,2,Geoff_Cameron
George,Boyd,3,George_Boyd
George,Friend,2,George_Friend
Georginio,Wijnaldum,3,Georginio_Wijnaldum
Gerard,Deulofeu,3,Gerard_Deulofeu
Giannelli,Imbula,3,Giannelli_Imbula
Glenn,Whelan,3,Glenn_Whelan
Glen,Johnson,2,Glen_Johnson
Gnegneri Yaya,Touré,3,Gnegneri Yaya_Touré
Granit,Xhaka,3,Granit_Xhaka
Grant,Leadbitter,3,Grant_Leadbitter
Gylfi,Sigurdsson,3,Gylfi_Sigurdsson
Gökhan,Töre,3,Gökhan_Töre
Harrison,Reed,3,Harrison_Reed
Harry,Arter,3,Harry_Arter
Harry,Kane,4,Harry_Kane
Harry,Maguire,2,Harry_Maguire
Harry,Winks,3,Harry_Winks
Henrikh,Mkhitaryan,3,Henrikh_Mkhitaryan
Heung-Min,Son,3,Heung-Min_Son
Heurelho,Gomes,1,Heurelho_Gomes
Hugo,Lloris,1,Hugo_Lloris
Håvard,Nordtveit,3,Håvard_Nordtveit
Héctor,Bellerín,2,Héctor_Bellerín
Ibrahim,Afellay,3,Ibrahim_Afellay
Idrissa,Gueye,3,Idrissa_Gueye
Ilkay,Gündogan,3,Ilkay_Gündogan
Isaac,Success,3,Isaac_Success
Jack,Butland,1,Jack_Butland
Jack,Cork,3,Jack_Cork
Jack,Rodwell,3,Jack_Rodwell
Jack,Stephens,2,Jack_Stephens
Jack,Wilshere,3,Jack_Wilshere
Jake,Livermore,3,Jake_Livermore
James,Collins,2,James_Collins
James,McArthur,3,James_McArthur
James,McCarthy,3,James_McCarthy
James,McClean,3,James_McClean
James,Milner,3,James_Milner
James,Morrison,3,James_Morrison
James,Tarkowski,2,James_Tarkowski
James,Tomkins,2,James_Tomkins
James,Ward-Prowse,3,James_Ward-Prowse
Jamie,Vardy,4,Jamie_Vardy
Jan,Kirchhoff,3,Jan_Kirchhoff
Jan,Vertonghen,2,Jan_Vertonghen
Jarrod,Bowen,4,Jarrod_Bowen
Jason,Denayer,2,Jason_Denayer
Jason,Puncheon,3,Jason_Puncheon
Jay,Fulton,3,Jay_Fulton
Jay,Rodriguez,3,Jay_Rodriguez
Jefferson,Montero,3,Jefferson_Montero
Jeffrey,Schlupp,2,Jeffrey_Schlupp
Jermain,Defoe,4,Jermain_Defoe
Jerome,Sinclair,4,Jerome_Sinclair
Jesse,Lingard,3,Jesse_Lingard
Jesús,Navas,3,Jesús_Navas
Joel,Matip,2,Joel_Matip
Joel,Robles,1,Joel_Robles
Joel,Ward,2,Joel_Ward
Joe,Allen,3,Joe_Allen
Joe,Ledley,3,Joe_Ledley
Johann Berg,Gudmundsson,3,Johann Berg_Gudmundsson
John,O'Shea,2,John_O'Shea
John,Stones,2,John_Stones
John,Terry,2,John_Terry
Jonas,Olsson,2,Jonas_Olsson
Jonathan,Leko,3,Jonathan_Leko
Jonathan,Walters,3,Jonathan_Walters
Jonny,Evans,2,Jonny_Evans
Jon,Flanagan,2,Jon_Flanagan
Jordan,Henderson,3,Jordan_Henderson
Jordan,Pickford,1,Jordan_Pickford
Jordan,Rhodes,4,Jordan_Rhodes
Jordi,Amat,2,Jordi_Amat
Jordon,Ibe,3,Jordon_Ibe
Jordon,Mutch,3,Jordon_Mutch
Jordy,Clasie,3,Jordy_Clasie
Jose,Fonte,2,Jose_Fonte
Joshua,King,3,Joshua_King
Joshua,Onomah,3,Joshua_Onomah
Josh,Tymon,2,Josh_Tymon
José,Holebas,2,José_Holebas
Juan,Mata,3,Juan_Mata
Juan,Zuñiga,2,Juan_Zuñiga
Junior,Stanislas,3,Junior_Stanislas
Jérémy,Pied,2,Jérémy_Pied
Kasper,Schmeichel,1,Kasper_Schmeichel
Kelechi,Iheanacho,4,Kelechi_Iheanacho
Kevin,De Bruyne,3,Kevin_De Bruyne
Kevin,Mirallas,3,Kevin_Mirallas
Kevin,Stewart,2,Kevin_Stewart
Kevin,Wimmer,2,Kevin_Wimmer
Kieran,Gibbs,2,Kieran_Gibbs
Kieran,Trippier,2,Kieran_Trippier
Kristoffer,Nordfeldt,1,Kristoffer_Nordfeldt
Kurt,Zouma,2,Kurt_Zouma
Kyle,Naughton,2,Kyle_Naughton
Kyle,Walker,2,Kyle_Walker
Lamine,Koné,2,Lamine_Koné
Laurent,Koscielny,2,Laurent_Koscielny
Lazar,Markovic,3,Lazar_Markovic
Lee,Cattermole,3,Lee_Cattermole
Leighton,Baines,2,Leighton_Baines
Leiva,Lucas,3,Leiva_Lucas
Leonardo,Ulloa,4,Leonardo_Ulloa
Leon,Britton,3,Leon_Britton
Leroy,Fer,3,Leroy_Fer
Leroy,Sané,3,Leroy_Sané
Lewis,Cook,3,Lewis_Cook
Loris,Karius,1,Loris_Karius
Loïc,Remy,4,Loïc_Remy
Luis,Hernández,2,Luis_Hernández
Lukasz,Fabianski,1,Lukasz_Fabianski
Luke,Shaw,2,Luke_Shaw
Lynden,Gooch,3,Lynden_Gooch
Lys,Mousset,4,Lys_Mousset
Maarten,Stekelenburg,1,Maarten_Stekelenburg
Mamadou,Sakho,2,Mamadou_Sakho
Mame Biram,Diouf,4,Mame Biram_Diouf
Manuel,Agudo Durán,3,Manuel_Agudo Durán
Manuel,Lanzini,3,Manuel_Lanzini
Marcin,Wasilewski,2,Marcin_Wasilewski
Marcos,Rojo,2,Marcos_Rojo
Marcus,Rashford,4,Marcus_Rashford
Marc,Albrighton,3,Marc_Albrighton
Marc,Muniesa,2,Marc_Muniesa
Marc,Pugh,3,Marc_Pugh
Marc,Wilson,2,Marc_Wilson
Marko,Arnautovic,3,Marko_Arnautovic
Marko,Grujic,3,Marko_Grujic
Mark,Noble,3,Mark_Noble
Marouane,Fellaini,3,Marouane_Fellaini
Marten,de Roon,3,Marten_de Roon
Martin,Kelly,2,Martin_Kelly
Mason,Holgate,2,Mason_Holgate
Mathieu,Debuchy,2,Mathieu_Debuchy
Matteo,Darmian,2,Matteo_Darmian
Matthew,Lowton,2,Matthew_Lowton
Matthew,Pennington,2,Matthew_Pennington
Matt,Phillips,3,Matt_Phillips
Matt,Targett,2,Matt_Targett
Max,Gradel,3,Max_Gradel
Maya,Yoshida,2,Maya_Yoshida
Memphis,Depay,3,Memphis_Depay
Mesut,Özil,3,Mesut_Özil
Michael,Carrick,3,Michael_Carrick
Michael,Dawson,2,Michael_Dawson
Michael,Keane,2,Michael_Keane
Michael,Kightly,3,Michael_Kightly
Michail,Antonio,3,Michail_Antonio
Michel,Vorm,1,Michel_Vorm
Michy,Batshuayi,4,Michy_Batshuayi
Miguel,Britos,2,Miguel_Britos
Mike,van der Hoorn,2,Mike_van der Hoorn
Modou,Barrow,4,Modou_Barrow
Mohamed,Elneny,3,Mohamed_Elneny
Morgan,Schneiderlin,3,Morgan_Schneiderlin
Mousa,Dembélé,3,Mousa_Dembélé
N'Golo,Kanté,3,N'Golo_Kanté
Nacer,Chadli,3,Nacer_Chadli
Nacho,Monreal,2,Nacho_Monreal
Nampalys,Mendy,3,Nampalys_Mendy
Nathaniel,Clyne,2,Nathaniel_Clyne
Nathan,Aké,2,Nathan_Aké
Nathan,Dyer,3,Nathan_Dyer
Nathan,Redmond,3,Nathan_Redmond
Neil,Taylor,2,Neil_Taylor
Nemanja,Matic,3,Nemanja_Matic
Nicolás,Otamendi,2,Nicolás_Otamendi
Nordin,Amrabat,3,Nordin_Amrabat
Odion,Ighalo,4,Odion_Ighalo
Ola,Aina,2,Ola_Aina
Olivier,Giroud,4,Olivier_Giroud
Oriol,Romeu Vidal,3,Oriol_Romeu Vidal
Oscar,dos Santos Emboaba Junior,3,Oscar_dos Santos Emboaba Junior
Oumar,Niasse,4,Oumar_Niasse
Pablo,Zabaleta,2,Pablo_Zabaleta
Papy,Djilobodji,2,Papy_Djilobodji
Patrick,McNair,2,Patrick_McNair
Patrick,van Aanholt,2,Patrick_van Aanholt
Paul,Pogba,3,Paul_Pogba
Paul,Robinson,1,Paul_Robinson
Pedro,Obiang,3,Pedro_Obiang
Pedro,Rodríguez Ledesma,3,Pedro_Rodríguez Ledesma
Per,Mertesacker,2,Per_Mertesacker
Peter,Crouch,4,Peter_Crouch
Petr,Cech,1,Petr_Cech
Philippe,Coutinho,3,Philippe_Coutinho
Phil,Bardsley,2,Phil_Bardsley
Phil,Jagielka,2,Phil_Jagielka
Phil,Jones,2,Phil_Jones
Pierre-Emile,Højbjerg,3,Pierre-Emile_Højbjerg
Ragnar,Klavan,2,Ragnar_Klavan
Raheem,Sterling,3,Raheem_Sterling
Ramadan,Sobhi,3,Ramadan_Sobhi
Ramiro,Funes Mori,2,Ramiro_Funes Mori
Riyad,Mahrez,3,Riyad_Mahrez
Robert Kenedy,Nunes do Nascimento,3,Robert Kenedy_Nunes do Nascimento
Roberto,Firmino,3,Roberto_Firmino
Robert,Huth,2,Robert_Huth
Robert,Snodgrass,3,Robert_Snodgrass
Rob,Holding,2,Rob_Holding
Romelu,Lukaku,4,Romelu_Lukaku
Ron-Robert,Zieler,1,Ron-Robert_Zieler
Ross,Barkley,3,Ross_Barkley
Ruben,Loftus-Cheek,3,Ruben_Loftus-Cheek
Ryan,Bertrand,2,Ryan_Bertrand
Ryan,Mason,3,Ryan_Mason
Ryan,Shawcross,2,Ryan_Shawcross
Sadio,Mané,3,Sadio_Mané
Saido,Berahino,4,Saido_Berahino
Salomón,Rondón,4,Salomón_Rondón
Sam,Byram,2,Sam_Byram
Sam,Clucas,3,Sam_Clucas
Sam,Field,3,Sam_Field
Sam,Vokes,4,Sam_Vokes
Santiago,Cazorla,3,Santiago_Cazorla
Scott,Arfield,3,Scott_Arfield
Scott,Dann,2,Scott_Dann
Seamus,Coleman,2,Seamus_Coleman
Sebastian,Larsson,3,Sebastian_Larsson
Sebastian,Prödl,2,Sebastian_Prödl
Sergio,Agüero,4,Sergio_Agüero
Sergio,Romero,1,Sergio_Romero
Shane,Long,4,Shane_Long
Shaun,Maloney,3,Shaun_Maloney
Shay,Given,1,Shay_Given
Shinji,Okazaki,4,Shinji_Okazaki
Simon,Francis,2,Simon_Francis
Simon,Mignolet,1,Simon_Mignolet
Sofiane,Feghouli,3,Sofiane_Feghouli
Stephen,Kingsley,2,Stephen_Kingsley
Stephen,Ward,2,Stephen_Ward
Steven,Davis,3,Steven_Davis
Steve,Cook,2,Steve_Cook
Steve,Mandanda,1,Steve_Mandanda
Stewart,Downing,3,Stewart_Downing
Sullay,Kaikai,3,Sullay_Kaikai
Sung-yueng,Ki,3,Sung-yueng_Ki
Theo,Walcott,3,Theo_Walcott
Thibaut,Courtois,1,Thibaut_Courtois
Timothy,Fosu-Mensah,2,Timothy_Fosu-Mensah
Toby,Alderweireld,2,Toby_Alderweireld
Tom,Carroll,3,Tom_Carroll
Tom,Cleverley,3,Tom_Cleverley
Tom,Davies,3,Tom_Davies
Tom,Heaton,1,Tom_Heaton
Tom,Huddlestone,3,Tom_Huddlestone
Trent,Alexander-Arnold,3,Trent_Alexander-Arnold
Troy,Deeney,4,Troy_Deeney
Tyrone,Mings,2,Tyrone_Mings
Valon,Behrami,3,Valon_Behrami
Victor,Moses,3,Victor_Moses
Victor,Wanyama,3,Victor_Wanyama
Viktor,Fischer,3,Viktor_Fischer
Vincent,Janssen,4,Vincent_Janssen
Vincent,Kompany,2,Vincent_Kompany
Virgil,van Dijk,2,Virgil_van Dijk
Vito,Mannone,1,Vito_Mannone
Víctor,Valdés,1,Víctor_Valdés
Wahbi,Khazri,3,Wahbi_Khazri
Wayne,Hennessey,1,Wayne_Hennessey
Wayne,Rooney,4,Wayne_Rooney
Wayne,Routledge,3,Wayne_Routledge
Wes,Morgan,2,Wes_Morgan
Wilfried,Bony,4,Wilfried_Bony
Wilfried,Zaha,3,Wilfried_Zaha
Willian,Borges Da Silva,3,Willian_Borges Da Silva
Willy,Caballero,1,Willy_Caballero
Winston,Reid,2,Winston_Reid
Xherdan,Shaqiri,3,Xherdan_Shaqiri
Yannick,Bolasie,3,Yannick_Bolasie
Yohan,Benalouane,2,Yohan_Benalouane
Yohan,Cabaye,3,Yohan_Cabaye
Younes,Kaboul,2,Younes_Kaboul
Zlatan,Ibrahimovic,4,Zlatan_Ibrahimovic
Álvaro,Negredo,4,Álvaro_Negredo
Aiden,O'Neill,3,Aiden_O'Neill
Ashley,Fletcher,4,Ashley_Fletcher
Fabio Pereira,da Silva,2,Fabio Pereira_da Silva
Jonathan,Calleri,4,Jonathan_Calleri
Nathaniel,Chalobah,3,Nathaniel_Chalobah
Ryan,Fraser,3,Ryan_Fraser
Steven,Defour,3,Steven_Defour
Steven,Pienaar,3,Steven_Pienaar
Claudio,Bravo,1,Claudio_Bravo
Daryl,Janmaat,2,Daryl_Janmaat
Edimilson,Fernandes,3,Edimilson_Fernandes
Javier,Manquillo,2,Javier_Manquillo
Julien,Ngoy,4,Julien_Ngoy
Oliver,McBurnie,4,Oliver_McBurnie
Roberto,Pereyra,3,Roberto_Pereyra
Adama,Traoré,3,Adama_Traoré
Adrian,Mariappa,2,Adrian_Mariappa
Aleix,García Serrano,3,Aleix_García Serrano
Alfie,Mawson,2,Alfie_Mawson
Bruno,Martins Indi,2,Bruno_Martins Indi
David,Luiz Moreira Marinho,2,David_Luiz Moreira Marinho
David,Marshall,1,David_Marshall
Didier,Ndong,3,Didier_Ndong
Dieumerci,Mbokani,4,Dieumerci_Mbokani
Ezekiel,Fryers,2,Ezekiel_Fryers
Georges-Kévin,Nkoudou,3,Georges-Kévin_Nkoudou
Hal,Robson-Kanu,4,Hal_Robson-Kanu
Islam,Slimani,4,Islam_Slimani
Jeff,Hendrick,3,Jeff_Hendrick
Jonathan,Benteke,4,Jonathan_Benteke
Lee,Grant,1,Lee_Grant
Lucas,Pérez,4,Lucas_Pérez
Marcos,Alonso,2,Marcos_Alonso
Markus,Henriksen,3,Markus_Henriksen
Mathieu,Flamini,3,Mathieu_Flamini
Moussa,Sissoko,3,Moussa_Sissoko
Patrick,Bamford,4,Patrick_Bamford
Shkodran,Mustafi,2,Shkodran_Mustafi
Simone,Zaza,4,Simone_Zaza
Sofiane,Boufal,3,Sofiane_Boufal
Stefano,Okaka,4,Stefano_Okaka
Victor,Anichebe,4,Victor_Anichebe
Will,Keane,4,Will_Keane
Álvaro,Arbeloa,2,Álvaro_Arbeloa
Oviemuno,Ejaria,3,Oviemuno_Ejaria
George,Honeyman,3,George_Honeyman
Sam,McQueen,3,Sam_McQueen
Ainsley,Maitland-Niles,3,Ainsley_Maitland-Niles
Kevin,Long,2,Kevin_Long
Dominic,Calvert-Lewin,4,Dominic_Calvert-Lewin
Ryan,Allsop,1,Ryan_Allsop
Ben,Woodburn,3,Ben_Woodburn
Joshua,Sims,3,Joshua_Sims
Matthew,James,3,Matthew_James
Andrew,Eleftheriou,2,Andrew_Eleftheriou
Jonjoe,Kenny,2,Jonjoe_Kenny
Declan,Rice,3,Declan_Rice
Brandon,Mason,2,Brandon_Mason
Michael,Folivi,4,Michael_Folivi
Ademola,Lookman,3,Ademola_Lookman
Evandro,Goebel,3,Evandro_Goebel
Gabriel Fernando,de Jesus,4,Gabriel Fernando_de Jesus
Joey,Barton,3,Joey_Barton
Rudy,Gestede,4,Rudy_Gestede
Wilfred,Ndidi,3,Wilfred_Ndidi
Luciano,Narsingh,3,Luciano_Narsingh
Martin,Olsson,2,Martin_Olsson
Omar,Elabdellaoui,2,Omar_Elabdellaoui
Andrea,Ranocchia,2,Andrea_Ranocchia
Joleon,Lescott,2,Joleon_Lescott
M'Baye,Niang,4,M'Baye_Niang
Mauro,Zárate,4,Mauro_Zárate
Alfred,N'Diaye,3,Alfred_N'Diaye
Ashley,Westwood,3,Ashley_Westwood
Baily,Cargill,2,Baily_Cargill
Jordan,Ayew,4,Jordan_Ayew
Kamil,Grosicki,3,Kamil_Grosicki
Luka,Milivojevic,3,Luka_Milivojevic
Manolo,Gabbiadini,4,Manolo_Gabbiadini
Robbie,Brady,3,Robbie_Brady
Daniel,Agyei,4,Daniel_Agyei
Martín,Cáceres,2,Martín_Cáceres
Axel,Tuanzebe,2,Axel_Tuanzebe
Damian Emiliano,Martinez,1,Damian Emiliano_Martinez
Dion,Pereira,3,Dion_Pereira
James,Husband,2,James_Husband
Joel Dinis,Castro Pereira,1,Joel Dinis_Castro Pereira
Scott,McTominay,3,Scott_McTominay
Demetri,Mitchell,2,Demetri_Mitchell
Filip,Lesniak,3,Filip_Lesniak
Angel,Gomes,3,Angel_Gomes
Joshua,Harrop,3,Joshua_Harrop
Matthew,Worthington,3,Matthew_Worthington
Aaron,Mooy,3,Aaron_Mooy
Ahmed El-Sayed,Hegazi,2,Ahmed El-Sayed_Hegazi
Aleksandar,Mitrovic,4,Aleksandar_Mitrovic
Alexandre,Lacazette,4,Alexandre_Lacazette
Alex,McCarthy,1,Alex_McCarthy
Andreas,Christensen,2,Andreas_Christensen
Anthony,Knockaert,3,Anthony_Knockaert
Antonio,Rüdiger,2,Antonio_Rüdiger
Ayoze,Pérez,4,Ayoze_Pérez
Benjamin,Mendy,2,Benjamin_Mendy
Ben,Hamer,1,Ben_Hamer
Beram,Kayal,3,Beram_Kayal
Bernardo Mota,Veiga de Carvalho e Silva,3,Bernardo Mota_Veiga de Carvalho e Silva
Boaz,Myhill,1,Boaz_Myhill
Brahim,Diaz,3,Brahim_Diaz
Bruno,Saltor Grau,2,Bruno_Saltor Grau
Chancel,Mbemba,2,Chancel_Mbemba
Charlie,Taylor,2,Charlie_Taylor
Charly,Musonda,3,Charly_Musonda
Christian,Atsu,3,Christian_Atsu
Christopher,Schindler,2,Christopher_Schindler
Chris,Löwe,2,Chris_Löwe
Ciaran,Clark,2,Ciaran_Clark
Collin,Quaner,4,Collin_Quaner
Connor,Goldson,2,Connor_Goldson
Dale,Stephens,3,Dale_Stephens
Danilo Luiz,da Silva,2,Danilo Luiz_da Silva
Danny,Ings,4,Danny_Ings
Danny,Williams,3,Danny_Williams
David,De Gea,1,David_De Gea
Davy,Klaassen,3,Davy_Klaassen
Davy,Pröpper,3,Davy_Pröpper
DeAndre,Yedlin,2,DeAndre_Yedlin
Dean,Whitehead,3,Dean_Whitehead
Dominic,Solanke,4,Dominic_Solanke
Dwight,Gayle,4,Dwight_Gayle
Ederson,Santana de Moraes,1,Ederson_Santana de Moraes
Eliaquim,Mangala,2,Eliaquim_Mangala
Elias,Kachunga,3,Elias_Kachunga
Eric Maxim,Choupo-Moting,3,Eric Maxim_Choupo-Moting
Florian,Lejeune,2,Florian_Lejeune
Francisco,Femenía Far,2,Francisco_Femenía Far
Gaëtan,Bong,2,Gaëtan_Bong
Glenn,Murray,4,Glenn_Murray
Isaac,Hayden,3,Isaac_Hayden
Isaiah,Brown,3,Isaiah_Brown
Jacob,Murphy,3,Jacob_Murphy
Jairo,Riedewald,2,Jairo_Riedewald
Jamaal,Lascelles,2,Jamaal_Lascelles
Jamie,Murphy,3,Jamie_Murphy
Jan,Bednarek,2,Jan_Bednarek
Javier,Hernández Balcázar,4,Javier_Hernández Balcázar
Jesús,Gámez Duarte,2,Jesús_Gámez Duarte
Joe,Hart,1,Joe_Hart
Joe,Lolley,3,Joe_Lolley
Jonas,Lössl,1,Jonas_Lössl
Jonathan,Hogg,3,Jonathan_Hogg
Jonjo,Shelvey,3,Jonjo_Shelvey
Jose Luis,Mato Sanmartín,4,Jose Luis_Mato Sanmartín
Joseph,Gomez,2,Joseph_Gomez
Julian,Speroni,1,Julian_Speroni
Karl,Darlow,1,Karl_Darlow
Kasey,Palmer,3,Kasey_Palmer
Kyle,Bartley,2,Kyle_Bartley
Kyle,Walker-Peters,2,Kyle_Walker-Peters
Laurent,Depoitre,4,Laurent_Depoitre
Lewis,Dunk,2,Lewis_Dunk
Liam,Rosenior,2,Liam_Rosenior
Mario,Lemina,3,Mario_Lemina
Markus,Suttner,2,Markus_Suttner
Martin,Cranie,2,Martin_Cranie
Massadio,Haidara,2,Massadio_Haidara
Mathew,Ryan,1,Mathew_Ryan
Mathias,Jorgensen,2,Mathias_Jorgensen
Matty,James,3,Matty_James
Matt,Ritchie,3,Matt_Ritchie
Michael,Hefele,2,Michael_Hefele
Mikel,Merino,3,Mikel_Merino
Mohamed,Diamé,3,Mohamed_Diamé
Mohamed,Salah,3,Mohamed_Salah
Molla,Wagué,2,Molla_Wagué
Nahki,Wells,4,Nahki_Wells
Nick,Pope,1,Nick_Pope
Olayinka Fredrick Oladotun,Ladapo,4,Olayinka Fredrick Oladotun_Ladapo
Pape,Souaré,2,Pape_Souaré
Pascal,Groß,3,Pascal_Groß
Paul,Dummett,2,Paul_Dummett
Philip,Billing,3,Philip_Billing
Phil,Foden,3,Phil_Foden
Rajiv,van La Parra,3,Rajiv_van La Parra
Reiss,Nelson,3,Reiss_Nelson
Richarlison,de Andrade,3,Richarlison_de Andrade
Robert,Elliot,1,Robert_Elliot
Rolando,Aarons,3,Rolando_Aarons
Roque,Mesa,3,Roque_Mesa
Sam,Baldock,4,Sam_Baldock
Sandro,Ramírez,4,Sandro_Ramírez
Scott,Malone,2,Scott_Malone
Sead,Kolasinac,2,Sead_Kolasinac
Shane,Duffy,2,Shane_Duffy
Solomon,March,3,Solomon_March
Steve,Mounie,4,Steve_Mounie
Tammy,Abraham,4,Tammy_Abraham
Tiemoué,Bakayoko,3,Tiemoué_Bakayoko
Tomer,Hemed,4,Tomer_Hemed
Tommy,Smith,2,Tommy_Smith
Tom,Ince,3,Tom_Ince
Uwe,Hünemeier,2,Uwe_Hünemeier
Vicente,Iborra,3,Vicente_Iborra
Victor,Lindelöf,2,Victor_Lindelöf
Will,Hughes,3,Will_Hughes
Álvaro,Morata,4,Álvaro_Morata
Henri,Saivet,3,Henri_Saivet
Jesé,Rodríguez Ruiz,3,Jesé_Rodríguez Ruiz
Abdelhamid,Sabiri,3,Abdelhamid_Sabiri
André,Carrillo,3,André_Carrillo
Chris,Wood,4,Chris_Wood
Davinson,Sánchez,2,Davinson_Sánchez
Florent,Hadergjonaj,2,Florent_Hadergjonaj
José Heriberto,Izquierdo Mena,3,José Heriberto_Izquierdo Mena
Oliver,Burke,3,Oliver_Burke
Wesley,Hoedt,2,Wesley_Hoedt
Aleksandar,Dragovic,2,Aleksandar_Dragovic
Davide,Zappacosta,2,Davide_Zappacosta
Ezequiel,Schelotto,2,Ezequiel_Schelotto
Grzegorz,Krychowiak,3,Grzegorz_Krychowiak
Levi,Lumeka,3,Levi_Lumeka
Marvin,Zeegelaar,2,Marvin_Zeegelaar
Nikola,Vlasic,3,Nikola_Vlasic
Orestis,Karnezis,1,Orestis_Karnezis
Renato,Sanches,3,Renato_Sanches
Serge,Aurier,2,Serge_Aurier
Oleksandr,Zinchenko,3,Oleksandr_Zinchenko
Thomas,Edwards,2,Thomas_Edwards
Ethan,Ampadu,3,Ethan_Ampadu
Beni,Baningime,3,Beni_Baningime
Edward,Nketiah,4,Edward_Nketiah
Paulo,Gazzaniga,1,Paulo_Gazzaniga
Jack,Simpson,2,Jack_Simpson
Hamza,Choudhury,3,Hamza_Choudhury
Aaron,Wan-Bissaka,3,Aaron_Wan-Bissaka
Callum,Hudson-Odoi,3,Callum_Hudson-Odoi
Emerson,Hyndman,3,Emerson_Hyndman
Adrien Sebastian,Perruchet Silva,3,Adrien Sebastian_Perruchet Silva
Stephen,Ireland,3,Stephen_Ireland
Alex,Pritchard,3,Alex_Pritchard
Cenk,Tosun,4,Cenk_Tosun
Connor,Roberts,2,Connor_Roberts
Josh,Cullen,3,Josh_Cullen
Konstantinos,Mavropanos,2,Konstantinos_Mavropanos
Moritz,Bauer,2,Moritz_Bauer
Terence,Kongolo,2,Terence_Kongolo
Fousseni,Diabaté,4,Fousseni_Diabaté
Konstantinos,Stafylidis,2,Konstantinos_Stafylidis
Michael,Obafemi,4,Michael_Obafemi
Aymeric,Laporte,2,Aymeric_Laporte
Guido,Carrillo,4,Guido_Carrillo
João Mário,Naval Costa Eduardo,3,João Mário_Naval Costa Eduardo
Jürgen,Locadia,4,Jürgen_Locadia
Reece,Oxford,2,Reece_Oxford
Alexander,Sørloth,4,Alexander_Sørloth
Dodi,Lukebakio,3,Dodi_Lukebakio
Emerson,Palmieri dos Santos,2,Emerson_Palmieri dos Santos
Jordan,Hugill,4,Jordan_Hugill
Lucas,Rodrigues Moura da Silva,3,Lucas_Rodrigues Moura da Silva
Martin,Dubravka,1,Martin_Dubravka
Papa Alioune,Ndiaye,3,Papa Alioune_Ndiaye
Pierre-Emerick,Aubameyang,4,Pierre-Emerick_Aubameyang
Lukas,Nmecha,4,Lukas_Nmecha
Patrice,Evra,2,Patrice_Evra
Tyrese,Campbell,4,Tyrese_Campbell
Joseph,Willock,3,Joseph_Willock
Lasse,Sorenson,3,Lasse_Sorenson
Harvey,Barnes,3,Harvey_Barnes
Dwight,McNeil,4,Dwight_McNeil
Aboubakar,Kamara,4,Aboubakar_Kamara
Adama,Diakhaby,3,Adama_Diakhaby
Adam,Masina,2,Adam_Masina
Alireza,Jahanbakhsh,3,Alireza_Jahanbakhsh
Alisson,Ramses Becker,1,Alisson_Ramses Becker
Andreas,Pereira,3,Andreas_Pereira
Andriy,Yarmolenko,3,Andriy_Yarmolenko
André Filipe,Tavares Gomes,3,André Filipe_Tavares Gomes
André-Frank,Zambo Anguissa,3,André-Frank_Zambo Anguissa
André,Schürrle,3,André_Schürrle
Angus,Gunn,1,Angus_Gunn
Aron,Gunnarsson,3,Aron_Gunnarsson
Ashley Darel Jazz,Richards,2,Ashley Darel Jazz_Richards
Bernardo,Fernandes da Silva Junior,2,Bernardo_Fernandes da Silva Junior
Bernard,Anício Caldeira Duarte,3,Bernard_Anício Caldeira Duarte
Bernd,Leno,1,Bernd_Leno
Bobby,Reid,4,Bobby_Reid
Bonatini Lohner Maia,Bonatini,4,Bonatini Lohner Maia_Bonatini
Bruno,Ecuele Manga,2,Bruno_Ecuele Manga
Çaglar,Söyüncü,2,Çaglar_Söyüncü
Callum,Paterson,3,Callum_Paterson
Carlos,Sánchez,3,Carlos_Sánchez
Conor,Coady,2,Conor_Coady
Cyrus,Christie,2,Cyrus_Christie
Danny,Ward,3,Danny_Ward
David Junior,Hoilett,3,David Junior_Hoilett
David,Brooks,3,David_Brooks
David,Button,1,David_Button
Denis,Odoi,2,Denis_Odoi
Diego,Rico,2,Diego_Rico
Diogo,Jota,3,Diogo_Jota
Domingos,Quina,3,Domingos_Quina
Erik,Durm,2,Erik_Durm
Fabian,Schär,2,Fabian_Schär
Fabio Henrique,Tavares,3,Fabio Henrique_Tavares
Fabián,Balbuena,2,Fabián_Balbuena
Felipe Anderson,Pereira Gomes,3,Felipe Anderson_Pereira Gomes
Florin,Andone,4,Florin_Andone
Floyd,Ayité,3,Floyd_Ayité
Frederico,Rodrigues de Paula Santos,3,Frederico_Rodrigues de Paula Santos
Gary,Madine,4,Gary_Madine
Greg,Cunninghamm,2,Greg_Cunninghamm
Hélder,Costa,3,Hélder_Costa
Ibrahima,Cissé,3,Ibrahima_Cissé
Isaac,Mbenza,3,Isaac_Mbenza
Isaac,Success Ajayi,4,Isaac_Success Ajayi
Issa,Diop,2,Issa_Diop
Ivan,Cavaleiro,3,Ivan_Cavaleiro
James,Maddison,3,James_Maddison
Jannik,Vestergaard,2,Jannik_Vestergaard
Jean Michael,Seri,3,Jean Michael_Seri
Jefferson,Lerma,3,Jefferson_Lerma
Joe,Bennett,2,Joe_Bennett
Joe,Bryan,2,Joe_Bryan
Joe,Ralls,3,Joe_Ralls
John,Ruddy,1,John_Ruddy
Jon Gorenc,Stankovic,2,Jon Gorenc_Stankovic
Jonathan,Castro Otto,2,Jonathan_Castro Otto
Jorge Luiz,Frello Filho,3,Jorge Luiz_Frello Filho
Josh,Murphy,3,Josh_Murphy
José Diogo,Dalot Teixeira,2,José Diogo_Dalot Teixeira
João Filipe Iria,Santos Moutinho,3,João Filipe Iria_Santos Moutinho
Juninho,Bacuna,3,Juninho_Bacuna
Kenneth,Zohore,4,Kenneth_Zohore
Ken,Sema,3,Ken_Sema
Kepa,Arrizabalaga,1,Kepa_Arrizabalaga
Kevin,McDonald,3,Kevin_McDonald
Leander,Dendoncker,3,Leander_Dendoncker
Lee,Peltier,2,Lee_Peltier
Leon,Balogun,2,Leon_Balogun
Loïc,Damour,3,Loïc_Damour
Lucas,Digne,2,Lucas_Digne
Lucas,Torreira,3,Lucas_Torreira
Luciano,Vietto,4,Luciano_Vietto
Marcus,Bettinelli,1,Marcus_Bettinelli
Marc,Navarro,2,Marc_Navarro
Martín,Montoya,2,Martín_Montoya
Matej,Vydra,4,Matej_Vydra
Mateo,Kovacic,3,Mateo_Kovacic
Matteo,Guendouzi,3,Matteo_Guendouzi
Matt,Doherty,2,Matt_Doherty
Maxime,Le Marchand,2,Maxime_Le Marchand
Max,Meyer,3,Max_Meyer
Mohamed,Elyounoussi,3,Mohamed_Elyounoussi
Morgan,Gibbs-White,3,Morgan_Gibbs-White
Naby,Keita,3,Naby_Keita
Nathaniel,Mendez-Laing,3,Nathaniel_Mendez-Laing
Neeskens,Kebano,3,Neeskens_Kebano
Neil,Etheridge,1,Neil_Etheridge
Rachid,Ghezzal,3,Rachid_Ghezzal
Raúl,Jiménez,4,Raúl_Jiménez
Ricardo Domingos,Barbosa Pereira,2,Ricardo Domingos_Barbosa Pereira
Romain,Saïss,2,Romain_Saïss
Rui Pedro,dos Santos Patrício,1,Rui Pedro_dos Santos Patrício
Ryan,Bennett,2,Ryan_Bennett
Ryan,Fredericks,2,Ryan_Fredericks
Ryan,Sessegnon,3,Ryan_Sessegnon
Rúben Diogo,da Silva Neves,3,Rúben Diogo_da Silva Neves
Rúben Gonçalo,Silva Nascimento Vinagre,2,Rúben Gonçalo_Silva Nascimento Vinagre
Sean,Morrison,2,Sean_Morrison
Sergio,Rico,1,Sergio_Rico
Sokratis,Papastathopoulos,2,Sokratis_Papastathopoulos
Sol,Bamba,2,Sol_Bamba
Stefan,Johansen,3,Stefan_Johansen
Stephan,Lichtsteiner,2,Stephan_Lichtsteiner
Stuart,Armstrong,3,Stuart_Armstrong
Tim,Ream,2,Tim_Ream
Tom,Cairney,3,Tom_Cairney
Vicente,Guaita,1,Vicente_Guaita
Víctor,Camarasa,3,Víctor_Camarasa
Willy,Boly,2,Willy_Boly
Will,Norris,1,Will_Norris
Yerry,Mina,2,Yerry_Mina
Yoshinori,Muto,4,Yoshinori_Muto
Yves,Bissouma,3,Yves_Bissouma
Sean,Longstaff,3,Sean_Longstaff
Kadeem,Harris,3,Kadeem_Harris
Grady,Diangana,3,Grady_Diangana
Oliver,Skipp,3,Oliver_Skipp
Ben,Wilmot,2,Ben_Wilmot
Juan,Foyth,2,Juan_Foyth
Yan,Valery,2,Yan_Valery
Rafael,Camacho,3,Rafael_Camacho
Alexandre Nascimento,Costa Silva,4,Alexandre Nascimento_Costa Silva
Tyreke,Johnson,3,Tyreke_Johnson
Bukayo,Saka,3,Bukayo_Saka
Kayne,Ramsay,2,Kayne_Ramsay
Max,Kilman,2,Max_Kilman
Callum,Slattery,3,Callum_Slattery
Samir,Nasri,3,Samir_Nasri
Rhys,Healey,4,Rhys_Healey
Sam,Gallagher,4,Sam_Gallagher
Ryan,Babel,3,Ryan_Babel
Chris,Mepham,2,Chris_Mepham
Gonzalo,Higuaín,4,Gonzalo_Higuaín
Antonio,Barreca,2,Antonio_Barreca
Denis,Suárez,3,Denis_Suárez
Karlan,Grant,4,Karlan_Grant
Leandro,Bacuna,2,Leandro_Bacuna
Miguel,Almirón,3,Miguel_Almirón
Youri,Tielemans,3,Youri_Tielemans
Joel,Coleman,1,Joel_Coleman
Sam,Surridge,4,Sam_Surridge
Ben,Johnson,2,Ben_Johnson
Demeaco,Duhaney,2,Demeaco_Duhaney
James,Garner,3,James_Garner
Tahith,Chong,3,Tahith_Chong
Matthew,Daly,3,Matthew_Daly
Aaron,Rowe,3,Aaron_Rowe
Mason,Greenwood,4,Mason_Greenwood
Harvey,Elliott,3,Harvey_Elliott
Mark,Travers,1,Mark_Travers
Luke,Dreher,3,Luke_Dreher
Aaron,Ramsdale,1,Aaron_Ramsdale
Adam,Webster,2,Adam_Webster
Ahmed,El Mohamady,2,Ahmed_El Mohamady
Albian,Ajeti,4,Albian_Ajeti
Alexander,Tettey,3,Alexander_Tettey
Allan,Saint-Maximin,3,Allan_Saint-Maximin
Anwar,El Ghazi,3,Anwar_El Ghazi
Arnaut,Danjuma Groeneveld,3,Arnaut_Danjuma Groeneveld
Ben,Godfrey,2,Ben_Godfrey
Ben,Osborn,3,Ben_Osborn
Billy,Sharp,4,Billy_Sharp
Bjorn,Engels,2,Bjorn_Engels
Callum,Robinson,3,Callum_Robinson
Che,Adams,4,Che_Adams
Christian,Pulisic,3,Christian_Pulisic
Christoph,Zimmermann,2,Christoph_Zimmermann
Chris,Basham,2,Chris_Basham
Conor,Hourihane,3,Conor_Hourihane
Daniel,Ceballos Fernández,3,Daniel_Ceballos Fernández
Daniel,James,3,Daniel_James
Dan,Burn,2,Dan_Burn
David,McGoldrick,4,David_McGoldrick
Dean,Henderson,1,Dean_Henderson
Dennis,Praet,3,Dennis_Praet
Dennis,Srbeny,4,Dennis_Srbeny
Djibril,Sidibé,2,Djibril_Sidibé
Douglas Luiz,Soares de Paulo,3,Douglas Luiz_Soares de Paulo
Emiliano,Buendía,3,Emiliano_Buendía
Emiliano,Martínez,1,Emiliano_Martínez
Emil,Krafth,2,Emil_Krafth
Enda,Stevens,2,Enda_Stevens
Ezri,Konsa Ngoyo,2,Ezri_Konsa Ngoyo
Fikayo,Tomori,2,Fikayo_Tomori
Frédéric,Guilbert,2,Frédéric_Guilbert
Gabriel Teodoro,Martinelli Silva,4,Gabriel Teodoro_Martinelli Silva
George,Baldock,2,George_Baldock
Giovani,Lo Celso,3,Giovani_Lo Celso
Grant,Hanley,2,Grant_Hanley
Harry,Wilson,3,Harry_Wilson
Henri,Lansbury,3,Henri_Lansbury
Ibrahim,Amadou,3,Ibrahim_Amadou
Ismaïla,Sarr,3,Ismaïla_Sarr
Jack,Grealish,3,Jack_Grealish
Jack,O'Connell,2,Jack_O'Connell
Jack,Stacey,2,Jack_Stacey
Jamal,Lewis,2,Jamal_Lewis
James,Justin,2,James_Justin
Jed,Steer,1,Jed_Steer
Jesús,Vallejo Lázaro,2,Jesús_Vallejo Lázaro
Jetro,Willems,2,Jetro_Willems
Joelinton Cássio,Apolinário de Lira,4,Joelinton Cássio_Apolinário de Lira
John,Egan,2,John_Egan
John,Fleck,3,John_Fleck
John,Lundstram,2,John_Lundstram
John,McGinn,3,John_McGinn
Jonathan,Kodjia,4,Jonathan_Kodjia
Josip,Drmic,4,Josip_Drmic
José Ignacio,Peleteiro Romallo,3,José Ignacio_Peleteiro Romallo
José Ángel,Esmorís Tasende,2,José Ángel_Esmorís Tasende
João Pedro Cavaco,Cancelo,2,João Pedro Cavaco_Cancelo
Keinan,Davis,3,Keinan_Davis
Kenny,McLean,3,Kenny_McLean
Kieran,Tierney,2,Kieran_Tierney
Kieron,Freeman,2,Kieron_Freeman
Kortney,Hause,2,Kortney_Hause
Leandro,Trossard,3,Leandro_Trossard
Lloyd,Kelly,2,Lloyd_Kelly
Luke,Freeman,3,Luke_Freeman
Mahmoud Ahmed,Ibrahim Hassan,3,Mahmoud Ahmed_Ibrahim Hassan
Marco,Stiepermann,3,Marco_Stiepermann
Mario,Vrancic,3,Mario_Vrancic
Marvelous,Nakamba,3,Marvelous_Nakamba
Mason,Mount,3,Mason_Mount
Maximillian,Aarons,2,Maximillian_Aarons
Michael,McGovern,1,Michael_McGovern
Moise,Kean,4,Moise_Kean
Moritz,Leitner,3,Moritz_Leitner
Moussa,Djenepo,3,Moussa_Djenepo
Muhamed,Bešić,3,Muhamed_Bešić
Neal,Maupay,4,Neal_Maupay
Nicolas,Pépé,3,Nicolas_Pépé
Oliver,Norwood,3,Oliver_Norwood
Onel,Hernández,3,Onel_Hernández
Pablo,Fornals,3,Pablo_Fornals
Patrick,Cutrone,4,Patrick_Cutrone
Patrick,Roberts,3,Patrick_Roberts
Pedro,Lomba Neto,3,Pedro_Lomba Neto
Ralf,Fahrmann,1,Ralf_Fahrmann
Reece,James,2,Reece_James
Roberto,Jimenez Gago,1,Roberto_Jimenez Gago
Rodrigo,Hernandez,3,Rodrigo_Hernandez
Simon,Moore,1,Simon_Moore
Sébastien,Haller,4,Sébastien_Haller
Tanguy,Ndombele,3,Tanguy_Ndombele
Teemu,Pukki,4,Teemu_Pukki
Timm,Klose,2,Timm_Klose
Tim,Krul,1,Tim_Krul
Todd,Cantwell,3,Todd_Cantwell
Tom,Trybull,3,Tom_Trybull
Troy,Parrott,4,Troy_Parrott
Wesley,Moraes,4,Wesley_Moraes
Ørjan,Nyland,1,Ørjan_Nyland
Kevin,Danso,2,Kevin_Danso
Aaron,Connolly,4,Aaron_Connolly
Billy,Gilmour,3,Billy_Gilmour
Adam,Idah,4,Adam_Idah
Dimitri,Foulquier,2,Dimitri_Foulquier
Matthew,Longstaff,3,Matthew_Longstaff
Steven,Alzate,3,Steven_Alzate
Eric,Garcia,2,Eric_Garcia
Brandon,Williams,2,Brandon_Williams
Leon,Clarke,4,Leon_Clarke
David,Martin,1,David_Martin
Anthony,Gordon,4,Anthony_Gordon
Nathan,Holland,3,Nathan_Holland
Curtis,Jones,3,Curtis_Jones
Neco,Williams,2,Neco_Williams
Emile,Smith Rowe,3,Emile_Smith Rowe
Brandon,Pierrick,3,Brandon_Pierrick
Japhet,Tanganga,2,Japhet_Tanganga
Tariq,Lamptey,2,Tariq_Lamptey
William,Smallbone,3,William_Smallbone
Jeremy,Ngakia,2,Jeremy_Ngakia
Takumi,Minamino,3,Takumi_Minamino
Indiana,Vassilev,3,Indiana_Vassilev
Gedson,Carvalho Fernandes,3,Gedson_Carvalho Fernandes
Lukas,Rupp,3,Lukas_Rupp
José,Reina,1,José_Reina
Ignacio,Pussetto,3,Ignacio_Pussetto
Ondrej,Duda,3,Ondrej_Duda
Bruno Miguel,Borges Fernandes,3,Bruno Miguel_Borges Fernandes
Daniel,Castelo Podence,3,Daniel_Castelo Podence
Jack,Robinson,2,Jack_Robinson
Josh,Brownhill,3,Josh_Brownhill
Mbwana,Samatta,4,Mbwana_Samatta
Nabil,Bentaleb,3,Nabil_Bentaleb
Pablo,Marí,2,Pablo_Marí
Richairo,Zivkovic,4,Richairo_Zivkovic
Sander,Berge,3,Sander_Berge
Steven,Bergwijn,3,Steven_Bergwijn
Tomas,Soucek,3,Tomas_Soucek
Valentino,Lazaro,3,Valentino_Lazaro
Borja,González Tomás,4,Borja_González Tomás
Alexis,Mac Allister,3,Alexis_Mac Allister
Armando,Broja,4,Armando_Broja
Faustino,Anjorin,3,Faustino_Anjorin
Josh,Martin,3,Josh_Martin
Max,Thompson,4,Max_Thompson
Nathan,Tella,3,Nathan_Tella
